"","date","time","Province","District","items_sold_label","Food Item - English","source_channel","source_location","market_transport"
"1",2023-06-21,"08:48:19","Western","Nyamasheke","amafi","Fish","cooperative","Nyamasheke","car"
"2",2023-06-21,"08:59:49","Western","Nyamasheke","ibijumbaby`umuhondo","Sweet Potatoes Orange","bulk_market","Nyamasheke","walk"
"3",2023-06-21,"09:12:04","Western","Nyamasheke","dodo","Amaranth Leaves","own_farm","Nyamasheke","walk"
"4",2023-06-21,"09:18:15","Western","Nyamasheke","dodo","Amaranth Leaves","own_farm","Nyamasheke","walk"
"5",2023-06-21,"09:28:50","Western","Nyamasheke","dodo","Amaranth Leaves","neighbour_farm","Nyamasheke","walk"
"6",2023-06-21,"09:36:50","Western","Nyamasheke","ibijumbaby`umuhondo","Sweet Potatoes Orange","bulk_market","Nyamasheke","walk"
"7",2023-06-21,"09:36:50","Western","Nyamasheke","amateke","Taro","bulk_market","Nyamasheke","walk"
"8",2023-06-21,"09:36:50","Western","Nyamasheke","imyumbati","Cassava Root","bulk_market","Nyamasheke","walk"
"9",2023-06-21,"09:47:23","Western","Nyamasheke","ibijumbaby`umuhondo","Sweet Potatoes Orange","bulk_market","Nyamasheke","walk"
"10",2023-06-21,"10:01:45","Western","Nyamasheke","amafi","Fish","bulk_market","Nyamasheke","walk"
"11",2023-06-21,"10:23:47","Western","Nyamasheke","ibitunguru","Onion","bulk_market","Rusizi","walk"
"12",2023-06-21,"10:23:47","Western","Nyamasheke","karoti","Carrot","neighbour_farm","Nyamasheke","walk"
"13",2023-06-21,"10:29:27","Western","Ngororero","karoti","Carrot","wholesaler","Nyabihu","walk"
"14",2023-06-21,"10:29:27","Western","Ngororero","biringanya","Aubergine","bulk_market","Ngororero","walk"
"15",2023-06-21,"10:29:27","Western","Ngororero","dodo","Amaranth Leaves","bulk_market","Ngororero","walk"
"16",2023-06-21,"10:39:17","Western","Nyamasheke","amashu","Cabbage","bulk_market","Nyamasheke","walk"
"17",2023-06-21,"10:45:35","Western","Nyamasheke","inyanya","Tomato","bulk_market","Nyamasheke","walk"
"18",2023-06-21,"10:45:35","Western","Nyamasheke","ibitunguru","Onion","bulk_market","Nyamasheke","walk"
"19",2023-06-21,"10:51:18","Southern","Gisagara","karoti","Carrot","bulk_market","Gisagara","walk"
"20",2023-06-21,"10:51:18","Southern","Gisagara","dodo","Amaranth Leaves","bulk_market","Gisagara","walk"
"21",2023-06-21,"10:51:18","Southern","Gisagara","inyanya","Tomato","bulk_market","Gisagara","walk"
"22",2023-06-21,"10:53:42","Western","Ngororero","inyanya","Tomato","wholesaler","Muhanga","walk"
"23",2023-06-21,"10:53:42","Western","Ngororero","urusenda","Chilli","neighbour_farm","Ngororero","walk"
"24",2023-06-21,"10:53:42","Western","Ngororero","ibitunguru","Onion","wholesaler","Rubavu","walk"
"25",2023-06-21,"11:01:45","Western","Nyamasheke","amafi","Fish","bulk_market","Nyamasheke","walk"
"26",2023-06-21,"11:01:45","Western","Nyamasheke","dodo","Amaranth Leaves","bulk_market","Nyamasheke","walk"
"27",2023-06-21,"11:01:45","Western","Nyamasheke","inyanya","Tomato","bulk_market","Nyamasheke","walk"
"28",2023-06-21,"11:12:56","Western","Nyamasheke","inyanya","Tomato","bulk_market","Nyamasheke","walk"
"29",2023-06-21,"11:12:56","Western","Nyamasheke","amashu","Cabbage","bulk_market","Nyamasheke","walk"
"30",2023-06-21,"11:20:29","Southern","Gisagara","ibitunguru","Onion","bulk_market","Huye","walk"
"31",2023-06-21,"11:28:50","Southern","Gisagara","inyanya","Tomato","bulk_market","Gisagara","walk"
"32",2023-06-21,"11:28:50","Southern","Gisagara","karoti","Carrot","bulk_market","Gisagara","walk"
"33",2023-06-21,"11:28:50","Southern","Gisagara","ibitunguru","Onion","bulk_market","Huye","walk"
"34",2023-06-21,"11:31:21","Eastern","Ngoma","ibinyomoro","Tree Tomato","neighbour_farm","Ngoma","moto"
"35",2023-06-21,"11:31:21","Eastern","Ngoma","amatunda","Passionfruit","neighbour_farm","Ngoma","moto"
"37",2023-06-21,"11:36:20","Western","Ngororero","amateke","Taro","neighbour_farm","Ngororero","walk"
"38",2023-06-21,"11:36:20","Western","Ngororero","ibijumbaby`umweru","Sweet Potatoes White","neighbour_farm","Ngororero","walk"
"39",2023-06-21,"11:36:20","Western","Ngororero","imyumbati","Cassava Root","neighbour_farm","Ngororero","walk"
"40",2023-06-21,"11:45:04","Southern","Gisagara","ibitunguru","Onion","bulk_market","Huye","walk"
"41",2023-06-21,"11:46:57","Western","Ngororero","ibijumbaby`umweru","Sweet Potatoes White","neighbour_farm","Ngororero","walk"
"42",2023-06-21,"11:46:57","Western","Ngororero","ibirayi","Potato","wholesaler","Ngororero","walk"
"43",2023-06-21,"11:46:57","Western","Ngororero","imyumbati","Cassava Root","wholesaler","Ngororero","walk"
"44",2023-06-21,"11:54:53","Southern","Gisagara","ibitunguru","Onion","bulk_market","Huye","walk"
"45",2023-06-21,"11:56:22","Western","Nyamasheke","ibitoki(byoguteka)","Banana Cooking","bulk_market","Nyamasheke","walk"
"46",2023-06-21,"11:57:01","Eastern","Ngoma","ibinyomoro","Tree Tomato","neighbour_farm","Ngoma","moto,walk"
"47",2023-06-21,"11:57:01","Eastern","Ngoma","amatunda","Passionfruit","neighbour_farm","Ngoma","moto,walk"
"49",2023-06-21,"12:03:38","Southern","Gisagara","ibitoki(by`imineke","Banana Beer","farm_group","Gisagara","walk"
"50",2023-06-21,"12:04:26","Western","Nyamasheke","ibitunguru","Onion","bulk_market","Nyamasheke","walk"
"51",2023-06-21,"12:04:26","Western","Nyamasheke","amafi","Fish","bulk_market","Nyamasheke","walk"
"52",2023-06-21,"12:04:26","Western","Nyamasheke","ibitoki(byoguteka)","Banana Cooking","bulk_market","Nyamasheke","walk"
"53",2023-06-21,"12:10:00","Western","Ngororero","amateke","Taro","neighbour_farm","Ngororero","walk"
"54",2023-06-21,"12:10:00","Western","Ngororero","ibijumbaby`umweru","Sweet Potatoes White","neighbour_farm","Ngororero","walk"
"55",2023-06-21,"12:10:00","Western","Ngororero","imyumbati","Cassava Root","neighbour_farm","Ngororero","walk"
"56",2023-06-21,"12:13:09","Eastern","Ngoma","ibinyomoro","Tree Tomato","neighbour_farm","Kayonza","moto"
"57",2023-06-21,"12:13:09","Eastern","Ngoma","amatunda","Passionfruit","neighbour_farm","Ngoma","moto"
"59",2023-06-21,"12:18:46","Western","Ngororero","ibitoki(byoguteka)","Banana Cooking","neighbour_farm","Ngororero","walk"
"60",2023-06-21,"12:24:05","Western","Nyamasheke","amatunda","Passionfruit","neighbour_farm","Nyamasheke","walk"
"61",2023-06-21,"12:24:05","Western","Nyamasheke","ibinyomoro","Tree Tomato","neighbour_farm","Rusizi","walk"
"62",2023-06-21,"12:24:05","Western","Nyamasheke","ibitunguru","Onion","bulk_market","Rusizi","bicycle,walk"
"63",2023-06-21,"12:28:05","Western","Ngororero","ibitoki(byoguteka)","Banana Cooking","neighbour_farm","Ngororero","walk"
"64",2023-06-21,"12:33:54","Eastern","Ngoma","amasaka","Sorghum","neighbour_farm","Kayonza","bicycle,car,moto,walk"
"65",2023-06-21,"12:33:54","Eastern","Ngoma","ibigori","Maize","neighbour_farm","Ngoma","bicycle,car,moto,walk"
"66",2023-06-21,"12:33:54","Eastern","Ngoma","ibishyimbo","Field Beans","neighbour_farm","Ngoma","bicycle,car,moto,walk"
"67",2023-06-21,"12:45:04","Southern","Gisagara","inyanya","Tomato","bulk_market","Gisagara","walk"
"68",2023-06-21,"12:45:04","Southern","Gisagara","dodo","Amaranth Leaves","bulk_market","Gisagara","walk"
"69",2023-06-21,"12:45:04","Southern","Gisagara","karoti","Carrot","bulk_market","Gisagara","walk"
"70",2023-06-21,"12:45:26","Western","Nyamasheke","ibitoki(byoguteka)","Banana Cooking","neighbour_farm","Nyamasheke","walk"
"71",2023-06-21,"12:45:26","Western","Nyamasheke","ibitoki(by`imineke","Banana Beer","neighbour_farm","Nyamasheke","walk"
"72",2023-06-21,"12:56:01","Western","Nyamasheke","ibitoki(by`imineke","Banana Beer","neighbour_farm","Nyamasheke","walk"
"73",2023-06-21,"12:58:56","Southern","Gisagara","amashu","Cabbage","bulk_market","Gisagara","walk"
"74",2023-06-21,"12:58:56","Southern","Gisagara","dodo","Amaranth Leaves","bulk_market","Gisagara","walk"
"75",2023-06-21,"13:04:18","Eastern","Ngoma","amasaka","Sorghum","wholesaler","Kayonza","bicycle,moto,walk"
"76",2023-06-21,"13:04:18","Eastern","Ngoma","ibigori","Maize","wholesaler","Kayonza","bicycle,moto,walk"
"77",2023-06-21,"13:04:18","Eastern","Ngoma","soya","Soya Beans","neighbour_farm","Ngoma","bicycle,moto,walk"
"78",2023-06-21,"13:05:18","Western","Ngororero","amashaza","Green Peas","neighbour_farm","Ngororero","walk"
"79",2023-06-21,"13:21:48","Eastern","Ngoma","ibitoki(byoguteka)","Banana Cooking","neighbour_farm","Ngoma","bicycle,moto,walk"
"80",2023-06-21,"13:36:19","Eastern","Ngoma","ibitoki(byoguteka)","Banana Cooking","neighbour_farm","Ngoma","bicycle"
"81",2023-06-21,"13:42:18","Western","Ngororero","amapera","Guava","own_farm","Ngororero","walk"
"82",2023-06-21,"13:47:36","Western","Ngororero","inyamaz`inka","Cow Meat","bulk_market","Ngororero","moto"
"83",2023-06-21,"13:50:39","Western","Ngororero","inyamaz`inka","Cow Meat","bulk_market","Ngororero","walk"
"84",2023-06-21,"13:53:32","Eastern","Ngoma","soya","Soya Beans","neighbour_farm","Ngoma","moto,walk"
"85",2023-06-21,"13:53:32","Eastern","Ngoma","ibigori","Maize","neighbour_farm","Ngoma","moto,walk"
"86",2023-06-21,"13:53:32","Eastern","Ngoma","ibishyimbo","Field Beans","neighbour_farm","Ngoma","moto,walk"
"87",2023-06-21,"13:55:51","Western","Ngororero","karoti","Carrot","wholesaler","Ngororero","walk"
"88",2023-06-21,"13:55:51","Western","Ngororero","biringanya","Aubergine","bulk_market","Ngororero","walk"
"89",2023-06-21,"13:55:51","Western","Ngororero","dodo","Amaranth Leaves","wholesaler","Ngororero","walk"
"90",2023-06-21,"14:04:26","Western","Ngororero","karoti","Carrot","bulk_market","Ngororero","walk"
"91",2023-06-21,"14:04:26","Western","Ngororero","biringanya","Aubergine","bulk_market","Ngororero","walk"
"92",2023-06-21,"14:07:28","Eastern","Ngoma","ibirayi","Potato","wholesaler","Nyarugenge","bicycle,moto,walk"
"93",2023-06-21,"14:10:04","Southern","Gisagara","ibitoki(by`imineke","Banana Beer","bulk_market","Gisagara","walk"
"94",2023-06-21,"14:10:04","Southern","Gisagara","ipapayi","Papaya","bulk_market","Gisagara","walk"
"95",2023-06-21,"14:10:04","Southern","Gisagara","inanasi","Pineapple","bulk_market","Gisagara","walk"
"96",2023-06-21,"14:10:42","Western","Ngororero","amashaza","Green Peas","neighbour_farm","Ngororero","walk"
"97",2023-06-21,"14:10:42","Western","Ngororero","karoti","Carrot","bulk_market","Ngororero","walk"
"98",2023-06-21,"14:10:42","Western","Ngororero","dodo","Amaranth Leaves","bulk_market","Ngororero","walk"
"99",2023-06-21,"14:15:03","Southern","Gisagara","ibitoki(by`imineke","Banana Beer","bulk_market","Gisagara","walk"
"100",2023-06-21,"14:15:03","Southern","Gisagara","voka","Avocado","bulk_market","Gisagara","walk"
"101",2023-06-21,"14:26:07","Eastern","Ngoma","ibirayi","Potato","wholesaler","Nyarugenge","moto,walk"
"102",2023-06-21,"14:37:38","Eastern","Ngoma","ibirayi","Potato","neighbour_farm","Ngoma","moto"
"103",2023-06-21,"15:08:10","Eastern","Ngoma","karoti","Carrot","neighbour_farm","Ngoma","bicycle,moto,walk"
"104",2023-06-21,"15:08:10","Eastern","Ngoma","beterave","Beetroot","neighbour_farm","Ngoma","bicycle,moto,walk"
"105",2023-06-21,"15:08:10","Eastern","Ngoma","inyanya","Tomato","neighbour_farm","Ngoma","bicycle,moto,walk"
"106",2023-06-21,"15:25:17","Eastern","Ngoma","inyanya","Tomato","neighbour_farm","Ngoma","walk"
"107",2023-06-21,"15:38:18","Eastern","Ngoma","voka","Avocado","neighbour_farm","Ngoma","walk"
"108",2023-06-21,"15:38:18","Eastern","Ngoma","amashu","Cabbage","neighbour_farm","Ngoma","walk"
"109",2023-06-21,"15:38:18","Eastern","Ngoma","inyanya","Tomato","neighbour_farm","Ngoma","walk"
"110",2023-06-21,"15:52:18","Eastern","Ngoma","ubunyobwa","Ground Nuts","wholesaler","Kayonza","walk"
"111",2023-06-21,"16:00:48","Eastern","Ngoma","ubunyobwa","Ground Nuts","wholesaler","Kayonza","walk"
"112",2023-06-21,"16:09:39","Eastern","Ngoma","ubunyobwa","Ground Nuts","wholesaler","Kayonza","moto"
"115",2023-06-21,"17:36:02","Western","Ngororero","amashu","Cabbage","wholesaler","Nyabihu","walk"
"116",2023-06-21,"17:36:02","Western","Ngororero","amashaza","Green Peas","neighbour_farm","Ngororero","walk"
"117",2023-06-22,"09:14:37","Western","Rutsiro","ibijumbaby`umweru","Sweet Potatoes White","own_farm","Karongi","walk"
"118",2023-06-22,"09:26:00","Western","Rutsiro","ibijumbaby`umweru","Sweet Potatoes White","own_farm","Karongi","walk"
"119",2023-06-22,"09:32:00","Western","Rutsiro","ibijumbaby`umweru","Sweet Potatoes White","own_farm","Karongi","walk"
"120",2023-06-22,"09:37:36","Western","Rutsiro","karoti","Carrot","wholesaler","Rutsiro","walk"
"121",2023-06-22,"09:37:36","Western","Rutsiro","inyanya","Tomato","wholesaler","Karongi","walk"
"122",2023-06-22,"09:37:36","Western","Rutsiro","beterave","Beetroot","wholesaler","Rutsiro","walk"
"123",2023-06-22,"09:52:14","Western","Rutsiro","karoti","Carrot","wholesaler","Rutsiro","walk"
"124",2023-06-22,"10:11:57","Western","Rutsiro","ibishyimbo","Field Beans","wholesaler","Rutsiro","walk"
"125",2023-06-22,"10:11:57","Western","Rutsiro","amashaza","Green Peas","wholesaler","Rutsiro","walk"
"126",2023-06-22,"10:23:26","Western","Rutsiro","ibigori","Maize","wholesaler","Rutsiro","walk"
"127",2023-06-22,"10:29:13","Western","Rutsiro","ibigori","Maize","wholesaler","Rutsiro","walk"
"128",2023-06-22,"10:34:34","Western","Rutsiro","ibigori","Maize","wholesaler","Rutsiro","walk"
"129",2023-06-22,"10:38:36","Eastern","Rwamagana","umuceri","Rice","wholesaler","Rwamagana","walk"
"130",2023-06-22,"10:39:01","Western","Rutsiro","soya","Soya Beans","farm_group","Rutsiro","walk"
"131",2023-06-22,"10:39:01","Western","Rutsiro","amashaza","Green Peas","farm_group","Rutsiro","walk"
"132",2023-06-22,"10:39:01","Western","Rutsiro","ibishyimbo","Field Beans","farm_group","Rutsiro","walk"
"133",2023-06-22,"10:40:04","Eastern","Gatsibo","ibitoki(byoguteka)","Banana Cooking","neighbour_farm","Gatsibo","moto,walk"
"134",2023-06-22,"10:44:32","Western","Karongi","umuceri","Rice","wholesaler","Karongi","walk"
"135",2023-06-22,"10:50:24","Western","Rutsiro","ibirayi","Potato","farm_group","Rutsiro","walk"
"136",2023-06-22,"10:56:30","Eastern","Rwamagana","umuceri","Rice","wholesaler","Rwamagana","car"
"137",2023-06-22,"10:57:04","Western","Rutsiro","ibirayi","Potato","own_farm","Rutsiro","walk"
"138",2023-06-22,"11:00:03","Eastern","Gatsibo","ibitoki(byoguteka)","Banana Cooking","neighbour_farm","Gatsibo","walk"
"139",2023-06-22,"11:05:05","Western","Karongi","umuceri","Rice","wholesaler","Nyarugenge","bicycle"
"140",2023-06-22,"11:05:05","Western","Karongi","ubunyobwa","Ground Nuts","wholesaler","Nyarugenge","bicycle"
"141",2023-06-22,"11:05:05","Western","Karongi","ibishyimbo","Field Beans","bulk_market","Karongi","bicycle"
"142",2023-06-22,"11:05:55","Western","Rutsiro","ibirayi","Potato","farm_group","Rutsiro","walk"
"143",2023-06-22,"11:12:25","Eastern","Kayonza","ibigori","Maize","neighbour_farm","Kayonza","bicycle,moto,walk"
"144",2023-06-22,"11:12:25","Eastern","Kayonza","amasaka","Sorghum","neighbour_farm","Kayonza","bicycle,moto,walk"
"145",2023-06-22,"11:12:25","Eastern","Kayonza","ibishyimbo","Field Beans","neighbour_farm","Kayonza","bicycle,moto,walk"
"146",2023-06-22,"11:13:09","Western","Rutsiro","voka","Avocado","own_farm","Karongi","walk"
"147",2023-06-22,"11:15:26","Eastern","Rwamagana","ubunyobwa","Ground Nuts","neighbour_farm","Rwamagana","bicycle"
"148",2023-06-22,"11:15:26","Eastern","Rwamagana","ibishyimbo","Field Beans","neighbour_farm","Rwamagana","bicycle"
"149",2023-06-22,"11:15:33","Eastern","Gatsibo","ibitoki(byoguteka)","Banana Cooking","neighbour_farm","Gatsibo","walk"
"150",2023-06-22,"11:21:07","Western","Rutsiro","amashu","Cabbage","own_farm","Karongi","walk"
"151",2023-06-22,"11:22:43","Western","Karongi","ibishyimbo","Field Beans","wholesaler","Nyarugenge","car"
"152",2023-06-22,"11:22:43","Western","Karongi","ubunyobwa","Ground Nuts","wholesaler","Nyarugenge","car"
"153",2023-06-22,"11:22:43","Western","Karongi","amasaka","Sorghum","wholesaler","Nyarugenge","car"
"154",2023-06-22,"11:25:02","Eastern","Kayonza","amasaka","Sorghum","neighbour_farm","Kayonza","bicycle,walk"
"155",2023-06-22,"11:25:02","Eastern","Kayonza","ibigori","Maize","neighbour_farm","Kayonza","bicycle,walk"
"156",2023-06-22,"11:27:04","Western","Rutsiro","amashu","Cabbage","wholesaler","Rutsiro","walk"
"157",2023-06-22,"11:29:43","Eastern","Gatsibo","ibitoki(byoguteka)","Banana Cooking","neighbour_farm","Gatsibo","bicycle,car"
"158",2023-06-22,"11:29:43","Eastern","Gatsibo","ibijumbaby`umweru","Sweet Potatoes White","bulk_market","Gatsibo","bicycle"
"159",2023-06-22,"11:31:34","Western","Rutsiro","amashu","Cabbage","own_farm","Rutsiro","walk"
"160",2023-06-22,"11:35:34","Eastern","Kayonza","amasaka","Sorghum","neighbour_farm","Kayonza","bicycle,walk"
"161",2023-06-22,"11:35:34","Eastern","Kayonza","ibishyimbo","Field Beans","neighbour_farm","Kayonza","bicycle,walk"
"162",2023-06-22,"11:35:34","Eastern","Kayonza","ibigori","Maize","neighbour_farm","Kayonza","bicycle,walk"
"163",2023-06-22,"11:38:14","Western","Rutsiro","ibitunguru","Onion","own_farm","Rutsiro","walk"
"164",2023-06-22,"11:38:23","Western","Karongi","ibishyimbo","Field Beans","wholesaler","Nyarugenge","walk"
"165",2023-06-22,"11:38:23","Western","Karongi","amasaka","Sorghum","wholesaler","Nyarugenge","walk"
"166",2023-06-22,"11:38:23","Western","Karongi","umuceri","Rice","wholesaler","Nyarugenge","walk"
"167",2023-06-22,"11:42:41","Eastern","Gatsibo","ibijumbaby`umweru","Sweet Potatoes White","bulk_market","Gatsibo","walk"
"168",2023-06-22,"11:43:08","Western","Rutsiro","ibitunguru","Onion","wholesaler","Karongi","bicycle,moto"
"169",2023-06-22,"11:49:24","Western","Rutsiro","ibitoki(byoguteka)","Banana Cooking","own_farm","Rutsiro","walk"
"170",2023-06-22,"11:52:29","Eastern","Kayonza","soya","Soya Beans","neighbour_farm","Kayonza","bicycle,walk"
"171",2023-06-22,"11:52:29","Eastern","Kayonza","ingano","Barley","wholesaler","Kayonza","bicycle,walk"
"172",2023-06-22,"11:52:29","Eastern","Kayonza","ibishyimbo","Field Beans","neighbour_farm","Kayonza","bicycle,walk"
"173",2023-06-22,"11:52:51","Eastern","Rwamagana","inanasi","Pineapple","neighbour_farm","Rwamagana","walk"
"174",2023-06-22,"11:53:45","Eastern","Gatsibo","ibijumbaby`umweru","Sweet Potatoes White","bulk_market","Gatsibo","walk"
"175",2023-06-22,"11:56:25","Western","Rutsiro","ibihazaimyungu","Pumpkin","farm_group","Rutsiro","walk"
"176",2023-06-22,"11:59:41","Western","Karongi","amasaka","Sorghum","wholesaler","Nyarugenge","bicycle"
"177",2023-06-22,"11:59:41","Western","Karongi","ubunyobwa","Ground Nuts","wholesaler","Nyarugenge","bicycle"
"178",2023-06-22,"11:59:41","Western","Karongi","ibirayi","Potato","bulk_market","Karongi","bicycle"
"179",2023-06-22,"12:02:48","Western","Rutsiro","imyumbati","Cassava Root","farm_group","Rutsiro","walk"
"180",2023-06-22,"12:06:48","Eastern","Rwamagana","inanasi","Pineapple","neighbour_farm","Rwamagana","bicycle"
"181",2023-06-22,"12:07:01","Eastern","Gatsibo","ibigori","Maize","bulk_market","Gatsibo","bicycle,moto"
"182",2023-06-22,"12:07:01","Eastern","Gatsibo","imyumbati","Cassava Root","neighbour_farm","Gatsibo","bicycle,moto,walk"
"183",2023-06-22,"12:07:01","Eastern","Gatsibo","amateke","Taro","neighbour_farm","Gatsibo","bicycle,moto"
"184",2023-06-22,"12:26:51","Western","Karongi","ibigori","Maize","wholesaler","Nyarugenge","walk"
"185",2023-06-22,"12:26:51","Western","Karongi","ibirayi","Potato","wholesaler","Nyarugenge","walk"
"186",2023-06-22,"12:27:04","Eastern","Gatsibo","ibirayi","Potato","neighbour_farm","Gatsibo","moto,walk"
"187",2023-06-22,"12:31:32","Eastern","Rwamagana","ibijumbaby`umweru","Sweet Potatoes White","neighbour_farm","Rwamagana","moto"
"188",2023-06-22,"12:36:26","Western","Karongi","ibitunguru","Onion","wholesaler","Karongi","walk"
"189",2023-06-22,"12:38:57","Eastern","Gatsibo","ibirayi","Potato","neighbour_farm","Gatsibo","walk"
"190",2023-06-22,"12:43:49","Eastern","Kayonza","soya","Soya Beans","neighbour_farm","Kayonza","bicycle,moto"
"191",2023-06-22,"12:43:49","Eastern","Kayonza","uburo","Millet","bulk_market","Nyarugenge","bicycle,moto"
"192",2023-06-22,"12:43:49","Eastern","Kayonza","ingano","Barley","bulk_market","Nyarugenge","bicycle,car,moto"
"193",2023-06-22,"12:49:20","Eastern","Rwamagana","inanasi","Pineapple","neighbour_farm","Ngoma","bicycle"
"194",2023-06-22,"12:50:57","Eastern","Gatsibo","ibirayi","Potato","neighbour_farm","Gatsibo","moto,walk"
"195",2023-06-22,"12:58:09","Eastern","Gatsibo","amashu","Cabbage","bulk_market","Gatsibo","walk"
"196",2023-06-22,"13:05:10","Eastern","Gatsibo","ibishyimbo","Field Beans","neighbour_farm","Gatsibo","walk"
"197",2023-06-22,"13:11:38","Western","Karongi","ibitunguru","Onion","bulk_market","Karongi","walk"
"198",2023-06-22,"13:14:37","Eastern","Gatsibo","amashu","Cabbage","neighbour_farm","Gatsibo","walk"
"199",2023-06-22,"13:20:15","Western","Karongi","ibitunguru","Onion","bulk_market","Karongi","walk"
"200",2023-06-22,"13:20:15","Western","Karongi","urusenda","Chilli","bulk_market","Karongi","walk"
"201",2023-06-22,"13:25:43","Eastern","Gatsibo","amashu","Cabbage","bulk_market","Gatsibo","moto"
"202",2023-06-22,"13:30:25","Western","Karongi","ibitoki(byoguteka)","Banana Cooking","bulk_market","Karongi","moto"
"203",2023-06-22,"13:41:09","Western","Karongi","ibitoki(byoguteka)","Banana Cooking","bulk_market","Karongi","car,moto"
"204",2023-06-22,"13:48:33","Eastern","Gatsibo","imiteja","Faba Beans","bulk_market","Gatsibo","walk"
"205",2023-06-22,"13:51:11","Eastern","Kayonza","voka","Avocado","neighbour_farm","Kayonza","bicycle,car,moto"
"206",2023-06-22,"13:52:31","Western","Karongi","ibijumbaby`umweru","Sweet Potatoes White","bulk_market","Karongi","moto,walk"
"207",2023-06-22,"13:52:31","Western","Karongi","ibitoki(byoguteka)","Banana Cooking","bulk_market","Karongi","moto,walk"
"208",2023-06-22,"14:01:41","Western","Karongi","amashaza","Green Peas","bulk_market","Karongi","walk"
"209",2023-06-22,"14:01:41","Western","Karongi","amashu","Cabbage","bulk_market","Karongi","walk"
"210",2023-06-22,"14:11:09","Western","Karongi","amashaza","Green Peas","bulk_market","Karongi","walk"
"211",2023-06-22,"14:11:53","Eastern","Kayonza","inyanya","Tomato","neighbour_farm","Kayonza","bicycle,car,moto,walk"
"212",2023-06-22,"14:11:53","Eastern","Kayonza","karoti","Carrot","neighbour_farm","Kayonza","bicycle,car,moto,walk"
"213",2023-06-22,"14:11:53","Eastern","Kayonza","beterave","Beetroot","neighbour_farm","Kayonza","bicycle,car,moto,walk"
"214",2023-06-22,"14:15:02","Western","Karongi","amashaza","Green Peas","bulk_market","Karongi","moto"
"215",2023-06-22,"14:20:19","Eastern","Rwamagana","inyanya","Tomato","neighbour_farm","Rwamagana","walk"
"216",2023-06-22,"14:20:22","Eastern","Gatsibo","ubunyobwa","Ground Nuts","bulk_market","Gatsibo","bicycle"
"217",2023-06-22,"14:23:40","Western","Karongi","inyanya","Tomato","bulk_market","Karongi","moto,walk"
"218",2023-06-22,"14:23:40","Western","Karongi","karoti","Carrot","bulk_market","Karongi","moto,walk"
"219",2023-06-22,"14:28:14","Eastern","Kayonza","beterave","Beetroot","neighbour_farm","Kayonza","bicycle,car,moto,walk"
"220",2023-06-22,"14:28:14","Eastern","Kayonza","imiteja","Faba Beans","neighbour_farm","Kayonza","bicycle,car,moto,walk"
"221",2023-06-22,"14:28:14","Eastern","Kayonza","inyanya","Tomato","neighbour_farm","Kayonza","bicycle,car,moto,walk"
"222",2023-06-22,"14:32:13","Eastern","Gatsibo","ibishyimbo","Field Beans","neighbour_farm","Gatsibo","walk"
"223",2023-06-22,"14:32:13","Eastern","Gatsibo","ubunyobwa","Ground Nuts","bulk_market","Gatsibo","walk"
"224",2023-06-22,"14:33:45","Eastern","Rwamagana","inyanya","Tomato","farm_group","Rwamagana","moto"
"225",2023-06-22,"14:33:45","Eastern","Rwamagana","imiteja","Faba Beans","farm_group","Rwamagana","moto"
"226",2023-06-22,"14:33:45","Eastern","Rwamagana","karoti","Carrot","farm_group","Rwamagana","moto"
"227",2023-06-22,"14:34:54","Western","Karongi","amashu","Cabbage","bulk_market","Karongi","walk"
"228",2023-06-22,"14:34:54","Western","Karongi","ibinyomoro","Tree Tomato","bulk_market","Karongi","walk"
"229",2023-06-22,"14:34:54","Western","Karongi","ibirayi","Potato","bulk_market","Karongi","walk"
"230",2023-06-22,"14:39:51","Eastern","Gatsibo","ibishyimbo","Field Beans","bulk_market","Gatsibo","walk"
"231",2023-06-22,"14:39:51","Eastern","Gatsibo","ubunyobwa","Ground Nuts","bulk_market","Gatsibo","walk"
"232",2023-06-22,"14:39:51","Eastern","Gatsibo","amasaka","Sorghum","neighbour_farm","Gatsibo","walk"
"233",2023-06-22,"14:49:56","Western","Karongi","karoti","Carrot","bulk_market","Karongi","walk"
"234",2023-06-22,"14:49:56","Western","Karongi","inyanya","Tomato","bulk_market","Karongi","walk"
"235",2023-06-22,"14:49:56","Western","Karongi","amashaza","Green Peas","bulk_market","Karongi","walk"
"236",2023-06-22,"14:52:00","Eastern","Gatsibo","ubunyobwa","Ground Nuts","bulk_market","Gatsibo","moto,walk"
"237",2023-06-22,"14:52:00","Eastern","Gatsibo","ibigori","Maize","bulk_market","Gatsibo","moto,walk"
"238",2023-06-22,"14:52:00","Eastern","Gatsibo","ibishyimbo","Field Beans","bulk_market","Gatsibo","moto,walk"
"239",2023-06-22,"15:04:48","Eastern","Gatsibo","ibigori","Maize","bulk_market","Gatsibo","car,moto,walk"
"240",2023-06-22,"15:04:48","Eastern","Gatsibo","ibishyimbo","Field Beans","bulk_market","Gatsibo","car,moto,walk"
"241",2023-06-22,"15:04:48","Eastern","Gatsibo","amasaka","Sorghum","bulk_market","Gatsibo","car,moto,walk"
"242",2023-06-22,"15:10:36","Western","Karongi","inyamaz`inka","Cow Meat","bulk_market","Karongi","walk"
"243",2023-06-22,"15:14:21","Eastern","Rwamagana","ibitunguru","Onion","wholesaler","Nyagatare","walk"
"244",2023-06-22,"15:15:52","Eastern","Gatsibo","ibigori","Maize","bulk_market","Gatsibo","bicycle,walk"
"245",2023-06-22,"15:15:52","Eastern","Gatsibo","amasaka","Sorghum","bulk_market","Gatsibo","bicycle,walk"
"246",2023-06-22,"15:15:52","Eastern","Gatsibo","soya","Soya Beans","bulk_market","Gatsibo","bicycle,walk"
"247",2023-06-22,"15:23:59","Eastern","Rwamagana","ibitunguru","Onion","wholesaler","Nyagatare","moto"
"248",2023-06-22,"15:25:43","Eastern","Gatsibo","ibigori","Maize","bulk_market","Gatsibo","bicycle,walk"
"249",2023-06-22,"15:25:43","Eastern","Gatsibo","soya","Soya Beans","bulk_market","Gatsibo","bicycle,walk"
"250",2023-06-22,"15:25:43","Eastern","Gatsibo","uburo","Millet","bulk_market","Gatsibo","bicycle,walk"
"251",2023-06-22,"15:28:30","Eastern","Kayonza","beterave","Beetroot","bulk_market","Kayonza","car,walk"
"252",2023-06-22,"15:28:30","Eastern","Kayonza","karoti","Carrot","neighbour_farm","Kayonza","car,walk"
"253",2023-06-22,"15:28:30","Eastern","Kayonza","inyanya","Tomato","neighbour_farm","Kayonza","car,walk"
"254",2023-06-22,"15:29:51","Western","Karongi","ibinyomoro","Tree Tomato","bulk_market","Rusizi","walk"
"255",2023-06-22,"15:29:51","Western","Karongi","inanasi","Pineapple","bulk_market","Karongi","walk"
"256",2023-06-22,"15:29:51","Western","Karongi","ibitoki(by`imineke","Banana Beer","bulk_market","Karongi","walk"
"257",2023-06-22,"15:36:53","Eastern","Gatsibo","amasaka","Sorghum","bulk_market","Gatsibo","car,moto,walk"
"258",2023-06-22,"15:36:53","Eastern","Gatsibo","soya","Soya Beans","bulk_market","Gatsibo","car,moto,walk"
"259",2023-06-22,"15:39:18","Eastern","Rwamagana","ibitunguru","Onion","wholesaler","Rwamagana","walk"
"260",2023-06-22,"15:53:31","Eastern","Kayonza","karoti","Carrot","neighbour_farm","Kayonza","walk"
"261",2023-06-22,"15:53:31","Eastern","Kayonza","urusenda","Chilli","neighbour_farm","Kayonza","walk"
"262",2023-06-22,"15:53:31","Eastern","Kayonza","imiteja","Faba Beans","neighbour_farm","Kayonza","walk"
"263",2023-06-22,"15:59:44","Eastern","Rwamagana","ibirayi","Potato","wholesaler","Rwamagana","walk"
"264",2023-06-23,"09:29:04","Southern","Huye","inyanya","Tomato","own_farm","Huye","walk"
"265",2023-06-23,"09:39:06","Southern","Huye","inyanya","Tomato","own_farm","Huye","walk"
"266",2023-06-23,"09:43:37","Southern","Huye","inyanya","Tomato","own_farm","Huye","walk"
"267",2023-06-23,"09:43:37","Southern","Huye","urusenda","Chilli","own_farm","Huye","walk"
"268",2023-06-23,"09:51:45","Southern","Huye","karoti","Carrot","own_farm","Huye","walk"
"269",2023-06-23,"09:51:45","Southern","Huye","imiteja","Faba Beans","own_farm","Huye","walk"
"270",2023-06-23,"10:03:18","Southern","Huye","amashaza","Green Peas","own_farm","Huye","bicycle"
"271",2023-06-23,"10:03:18","Southern","Huye","imiteja","Faba Beans","own_farm","Huye","bicycle"
"272",2023-06-23,"10:12:23","Southern","Huye","amatunda","Passionfruit","own_farm","Huye","walk"
"273",2023-06-23,"10:12:23","Southern","Huye","ipapayi","Papaya","own_farm","Huye","walk"
"274",2023-06-23,"10:12:23","Southern","Huye","ibinyomoro","Tree Tomato","own_farm","Huye","walk"
"275",2023-06-23,"10:19:04","Western","Nyamasheke","ibishyimbo","Field Beans","farm_group","Nyamasheke","walk"
"277",2023-06-23,"10:25:56","Southern","Huye","ibinyomoro","Tree Tomato","wholesaler","Huye","walk"
"278",2023-06-23,"10:25:56","Southern","Huye","ipapayi","Papaya","own_farm","Huye","walk"
"279",2023-06-23,"10:29:43","Western","Nyamasheke","soya","Soya Beans","farm_group","Nyamasheke","walk"
"280",2023-06-23,"10:43:42","Western","Nyamasheke","soya","Soya Beans","farm_group","Nyamasheke","walk"
"281",2023-06-23,"10:44:31","Southern","Huye","ibitoki(byoguteka)","Banana Cooking","own_farm","Huye","walk"
"282",2023-06-23,"10:50:21","Southern","Huye","ibitoki(byoguteka)","Banana Cooking","own_farm","Huye","walk"
"283",2023-06-23,"10:50:55","Western","Rubavu","ibinyomoro","Tree Tomato","wholesaler","Rubavu","moto"
"284",2023-06-23,"10:50:55","Western","Rubavu","amatunda","Passionfruit","wholesaler","Rubavu","moto"
"286",2023-06-23,"10:52:27","Southern","Huye","ibitoki(byoguteka)","Banana Cooking","own_farm","Huye","walk"
"287",2023-06-23,"10:53:19","Western","Nyamasheke","ibishyimbo","Field Beans","farm_group","Nyamasheke","car,walk"
"288",2023-06-23,"10:53:19","Western","Nyamasheke","soya","Soya Beans","farm_group","Nyamasheke","walk"
"289",2023-06-23,"11:00:13","Southern","Huye","amashu","Cabbage","own_farm","Huye","walk"
"290",2023-06-23,"11:02:41","Western","Nyamasheke","ibishyimbo","Field Beans","farm_group","Nyamasheke","walk"
"291",2023-06-23,"11:04:12","Southern","Huye","ibitunguru","Onion","own_farm","Huye","walk"
"292",2023-06-23,"11:04:12","Southern","Huye","amashu","Cabbage","own_farm","Huye","walk"
"293",2023-06-23,"11:04:12","Southern","Huye","imiteja","Faba Beans","own_farm","Huye","walk"
"294",2023-06-23,"11:11:00","Western","Nyamasheke","soya","Soya Beans","farm_group","Nyamasheke","walk"
"295",2023-06-23,"11:11:00","Western","Nyamasheke","ibishyimbo","Field Beans","farm_group","Nyamasheke","walk"
"296",2023-06-23,"11:11:53","Western","Rubavu","inanasi","Pineapple","wholesaler","Rubavu","moto"
"297",2023-06-23,"11:11:53","Western","Rubavu","voka","Avocado","wholesaler","Rubavu","moto"
"299",2023-06-23,"11:18:34","Southern","Huye","ibitunguru","Onion","own_farm","Huye","bicycle"
"300",2023-06-23,"11:22:36","Western","Nyamasheke","amasaka","Sorghum","farm_group","Nyamasheke","walk"
"301",2023-06-23,"11:26:26","Southern","Huye","ibitunguru","Onion","wholesaler","Huye","walk"
"302",2023-06-23,"11:27:11","Western","Rubavu","ibitunguru","Onion","wholesaler","Rubavu","bicycle,moto"
"303",2023-06-23,"11:27:11","Western","Rubavu","urusenda","Chilli","wholesaler","Rubavu","bicycle,moto"
"304",2023-06-23,"11:27:11","Western","Rubavu","beterave","Beetroot","farm_group","Rubavu","bicycle,moto"
"305",2023-06-23,"11:30:36","Western","Nyamasheke","amasaka","Sorghum","wholesaler","Nyamasheke","walk"
"307",2023-06-23,"11:35:07","Southern","Huye","inanasi","Pineapple","wholesaler","Huye","walk"
"308",2023-06-23,"11:35:07","Southern","Huye","voka","Avocado","own_farm","Huye","walk"
"309",2023-06-23,"11:35:49","Western","Rubavu","inyanya","Tomato","wholesaler","Rubavu","walk"
"310",2023-06-23,"11:35:49","Western","Rubavu","imiteja","Faba Beans","wholesaler","Gasabo","walk"
"311",2023-06-23,"11:35:49","Western","Rubavu","karoti","Carrot","wholesaler","Rubavu","walk"
"312",2023-06-23,"11:40:35","Western","Nyamasheke","dodo","Amaranth Leaves","farm_group","Nyamasheke","walk"
"313",2023-06-23,"11:45:18","Western","Nyamasheke","amasaka","Sorghum","farm_group","Nyamasheke","walk"
"314",2023-06-23,"11:48:11","Western","Rubavu","imiteja","Faba Beans","wholesaler","Don't Know","walk"
"315",2023-06-23,"11:48:11","Western","Rubavu","amashaza","Green Peas","wholesaler","Rubavu","walk"
"316",2023-06-23,"11:49:58","Western","Nyamasheke","ibigori","Maize","farm_group","Nyamasheke","walk"
"317",2023-06-23,"11:50:58","Southern","Huye","isombe","Cassava Leaves","own_farm","Huye","walk"
"318",2023-06-23,"11:54:22","Southern","Huye","isombe","Cassava Leaves","own_farm","Huye","walk"
"319",2023-06-23,"11:57:01","Western","Rubavu","ibitunguru","Onion","wholesaler","Rubavu","walk"
"320",2023-06-23,"11:57:01","Western","Rubavu","isombe","Cassava Leaves","wholesaler","Rubavu","walk"
"321",2023-06-23,"11:57:09","Western","Nyamasheke","ibigori","Maize","farm_group","Nyamasheke","walk"
"322",2023-06-23,"12:02:32","Southern","Huye","umuceri","Rice","own_farm","Huye","walk"
"323",2023-06-23,"12:04:10","Western","Nyamasheke","ibigori","Maize","farm_group","Nyamasheke","walk"
"324",2023-06-23,"12:04:42","Western","Rubavu","amateke","Taro","wholesaler","Other","car,moto"
"325",2023-06-23,"12:04:42","Western","Rubavu","ibihazaimyungu","Pumpkin","wholesaler","Rubavu","car,moto"
"326",2023-06-23,"12:13:17","Western","Rubavu","ibijumbaby`umweru","Sweet Potatoes White","wholesaler","Rubavu","car,moto"
"327",2023-06-23,"12:13:17","Western","Rubavu","imyumbati","Cassava Root","wholesaler","Rubavu","car,moto"
"328",2023-06-23,"12:14:43","Southern","Huye","ibishyimbo","Field Beans","own_farm","Huye","walk"
"329",2023-06-23,"12:17:34","Western","Nyamasheke","umuceri","Rice","wholesaler","Nyamasheke","walk"
"330",2023-06-23,"12:21:12","Southern","Huye","ibishyimbo","Field Beans","own_farm","Huye","walk"
"331",2023-06-23,"12:22:54","Western","Rubavu","ibishyimbo","Field Beans","wholesaler","Rubavu","moto"
"332",2023-06-23,"12:23:34","Southern","Huye","ibishyimbo","Field Beans","own_farm","Huye","walk"
"333",2023-06-23,"12:27:35","Southern","Huye","soya","Soya Beans","own_farm","Huye","walk"
"334",2023-06-23,"12:27:59","Western","Nyamasheke","umuceri","Rice","wholesaler","Nyamasheke","car"
"335",2023-06-23,"12:31:07","Western","Rubavu","beterave","Beetroot","farm_group","Nyabihu","car,walk"
"337",2023-06-23,"12:31:07","Western","Rubavu","ibitunguru","Onion","wholesaler","Rubavu","car,walk"
"338",2023-06-23,"12:31:23","Southern","Huye","amasaka","Sorghum","own_farm","Huye","walk"
"339",2023-06-23,"12:33:30","Southern","Huye","amasaka","Sorghum","own_farm","Huye","walk"
"340",2023-06-23,"12:37:12","Southern","Huye","ibigori","Maize","own_farm","Huye","walk"
"341",2023-06-23,"12:39:31","Southern","Huye","soya","Soya Beans","own_farm","Huye","walk"
"342",2023-06-23,"12:41:08","Western","Rubavu","ibitoki(byoguteka)","Banana Cooking","farm_group","Rubavu","walk"
"343",2023-06-23,"12:43:17","Western","Nyamasheke","umuceri","Rice","wholesaler","Nyamasheke","car"
"344",2023-06-23,"12:51:37","Southern","Huye","ibirayi","Potato","wholesaler","Huye","walk"
"345",2023-06-23,"12:56:55","Western","Rubavu","ibitunguru","Onion","wholesaler","Rubavu","walk"
"346",2023-06-23,"13:48:02","Western","Nyamasheke","inyanya","Tomato","farm_group","Nyamasheke","walk"
"347",2023-06-23,"13:48:02","Western","Nyamasheke","urusenda","Chilli","farm_group","Nyamasheke","walk"
"348",2023-06-23,"13:48:02","Western","Nyamasheke","karoti","Carrot","farm_group","Nyamasheke","walk"
"349",2023-06-23,"14:06:57","Western","Nyamasheke","inyanya","Tomato","farm_group","Nyamasheke","walk"
"350",2023-06-23,"14:06:57","Western","Nyamasheke","imiteja","Faba Beans","bulk_market","Other","walk"
"351",2023-06-23,"14:06:57","Western","Nyamasheke","karoti","Carrot","bulk_market","Gisagara,rubavu","walk"
"352",2023-06-23,"14:13:57","Western","Nyamasheke","urusenda","Chilli","farm_group","Nyamasheke","walk"
"353",2023-06-23,"14:13:57","Western","Nyamasheke","karoti","Carrot","bulk_market","Rusizi","walk"
"354",2023-06-23,"14:13:57","Western","Nyamasheke","beterave","Beetroot","bulk_market","Rubavu","walk"
"355",2023-06-23,"14:31:35","Western","Nyamasheke","inyanya","Tomato","neighbour_farm","Nyamasheke","car"
"356",2023-06-23,"14:46:37","Western","Nyamasheke","amateke","Taro","farm_group","Nyamasheke","walk"
"357",2023-06-26,"10:05:12","Western","Rusizi","inyamaz`inka","Cow Meat","neighbour_farm","Rusizi","car"
"358",2023-06-26,"10:27:58","Western","Rusizi","inyamaz`inka","Cow Meat","wholesaler","Rusizi","bicycle"
"359",2023-06-26,"10:48:24","Western","Rusizi","karoti","Carrot","neighbour_farm","Rubavu","moto"
"360",2023-06-26,"11:08:36","Western","Rusizi","ibitunguru","Onion","wholesaler","Rubavu","walk"
"361",2023-06-26,"11:08:36","Western","Rusizi","karoti","Carrot","wholesaler","Rusizi","walk"
"362",2023-06-26,"11:31:45","Western","Rusizi","ibitoki(by`imineke","Banana Beer","bulk_market","Rusizi","walk"
"363",2023-06-26,"11:31:45","Western","Rusizi","voka","Avocado","bulk_market","Rusizi","walk"
"364",2023-06-26,"11:45:44","Western","Rusizi","ibitoki(by`imineke","Banana Beer","bulk_market","Rusizi","walk"
"365",2023-06-26,"11:45:44","Western","Rusizi","voka","Avocado","bulk_market","Rusizi","walk"
"366",2023-06-26,"11:49:03","Southern","Nyamagabe","umuceri","Rice","wholesaler","Huye","walk"
"367",2023-06-26,"11:49:03","Southern","Nyamagabe","ibishyimbo","Field Beans","wholesaler","Nyamagabe,nyarugenge","walk"
"368",2023-06-26,"11:49:03","Southern","Nyamagabe","ubunyobwa","Ground Nuts","wholesaler","Huye","walk"
"369",2023-06-26,"12:00:59","Western","Rusizi","ibitoki(by`imineke","Banana Beer","bulk_market","Rusizi","walk"
"370",2023-06-26,"12:42:06","Southern","Nyamagabe","ibishyimbo","Field Beans","wholesaler","Nyarugenge","walk"
"371",2023-06-26,"12:48:08","Western","Rusizi","amateke","Taro","bulk_market","Rusizi","walk"
"372",2023-06-26,"12:48:08","Western","Rusizi","imyumbati","Cassava Root","wholesaler","Rusizi","walk"
"373",2023-06-26,"12:52:14","Southern","Nyamagabe","umuceri","Rice","wholesaler","Nyarugenge","walk"
"374",2023-06-26,"13:03:30","Western","Rusizi","amateke","Taro","bulk_market","Rusizi","walk"
"375",2023-06-26,"13:03:30","Western","Rusizi","imyumbati","Cassava Root","bulk_market","Rusizi","walk"
"376",2023-06-26,"13:06:27","Southern","Nyamagabe","imyumbati","Cassava Root","neighbour_farm","Nyamagabe","walk"
"377",2023-06-26,"13:13:06","Southern","Nyamagabe","imyumbati","Cassava Root","farm_group","Nyamagabe","walk"
"378",2023-06-26,"13:17:54","Western","Rusizi","amateke","Taro","wholesaler","Rusizi","bicycle"
"379",2023-06-26,"13:19:15","Southern","Nyamagabe","imyumbati","Cassava Root","farm_group","Nyamagabe","walk"
"380",2023-06-26,"13:27:14","Southern","Nyamagabe","ibitoki(byoguteka)","Banana Cooking","farm_group","Nyamagabe","walk"
"381",2023-06-26,"13:30:43","Western","Rusizi","soya","Soya Beans","bulk_market","Rusizi","walk"
"382",2023-06-26,"13:30:43","Western","Rusizi","ibigori","Maize","bulk_market","Rusizi","walk"
"383",2023-06-26,"13:30:43","Western","Rusizi","ibishyimbo","Field Beans","bulk_market","Rusizi","walk"
"384",2023-06-26,"13:31:56","Southern","Nyamagabe","ibitoki(byoguteka)","Banana Cooking","farm_group","Nyamagabe","walk"
"385",2023-06-26,"13:36:37","Southern","Nyamagabe","ibitoki(byoguteka)","Banana Cooking","farm_group","Nyamagabe","walk"
"386",2023-06-26,"13:44:41","Western","Rusizi","amasaka","Sorghum","bulk_market","Rusizi","walk"
"387",2023-06-26,"13:44:41","Western","Rusizi","ibigori","Maize","bulk_market","Rusizi","walk"
"388",2023-06-26,"13:45:38","Southern","Nyamagabe","urusenda","Chilli","wholesaler","Nyamagabe","walk"
"389",2023-06-26,"13:50:41","Southern","Nyamagabe","ibitunguru","Onion","wholesaler","Nyamagabe","walk"
"390",2023-06-26,"14:01:02","Southern","Nyamagabe","ibijumbaby`umweru","Sweet Potatoes White","farm_group","Nyamagabe","walk"
"391",2023-06-26,"14:05:54","Southern","Nyamagabe","amateke","Taro","farm_group","Nyamagabe","walk"
"392",2023-06-26,"14:10:41","Southern","Nyamagabe","ibijumbaby`umweru","Sweet Potatoes White","farm_group","Nyamagabe","walk"
"393",2023-06-26,"14:14:47","Southern","Nyamagabe","voka","Avocado","wholesaler","Nyamagabe","walk"
"394",2023-06-26,"14:14:53","Western","Rusizi","inyanya","Tomato","bulk_market","Rusizi","walk"
"395",2023-06-26,"14:20:43","Southern","Nyamagabe","amatunda","Passionfruit","farm_group","Nyamagabe","walk"
"396",2023-06-26,"14:21:38","Western","Rusizi","inyanya","Tomato","bulk_market","Kayonza","bicycle"
"397",2023-06-26,"14:25:23","Southern","Nyamagabe","voka","Avocado","wholesaler","Huye","walk"
"398",2023-06-26,"14:29:27","Southern","Nyamagabe","dodo","Amaranth Leaves","farm_group","Nyamagabe","walk"
"399",2023-06-26,"14:32:20","Western","Rusizi","amashaza","Green Peas","wholesaler","Rusizi","walk"
"400",2023-06-26,"14:32:20","Western","Rusizi","ibitunguru","Onion","bulk_market","Rubavu","walk"
"401",2023-06-26,"14:32:20","Western","Rusizi","urusenda","Chilli","bulk_market","Rusizi","walk"
"402",2023-06-26,"14:34:04","Southern","Nyamagabe","amashu","Cabbage","farm_group","Nyamagabe","walk"
"403",2023-06-26,"14:37:23","Southern","Nyamagabe","voka","Avocado","farm_group","Nyamagabe","bicycle,walk"
"404",2023-06-26,"14:45:45","Southern","Nyamagabe","amateke","Taro","farm_group","Nyamagabe","walk"
"405",2023-06-26,"14:51:24","Southern","Nyamagabe","ibirayi","Potato","farm_group","Nyamagabe","walk"
"406",2023-06-26,"14:54:18","Western","Rusizi","amafi","Fish","cooperative","Rusizi","bicycle"
"407",2023-06-26,"14:59:45","Southern","Nyamagabe","amateke","Taro","farm_group","Nyamagabe","walk"
"408",2023-06-26,"15:00:42","Western","Rusizi","amafi","Fish","cooperative","Rusizi","walk"
"409",2023-06-26,"15:04:27","Southern","Nyamagabe","ibirayi","Potato","farm_group","Nyamagabe","walk"
"410",2023-06-26,"15:06:07","Western","Rusizi","ubunyobwa","Ground Nuts","bulk_market","Rusizi","walk"
"411",2023-06-26,"15:08:43","Southern","Nyamagabe","voka","Avocado","wholesaler","Nyamagabe","walk"
"412",2023-06-26,"15:14:31","Southern","Nyamagabe","ibirayi","Potato","farm_group","Nyamagabe","walk"
"413",2023-06-26,"15:18:55","Western","Rusizi","amashu","Cabbage","wholesaler","Rusizi","walk"
"414",2023-06-26,"15:31:31","Western","Rusizi","amashu","Cabbage","wholesaler","Rusizi","bicycle"
"415",2023-06-26,"15:32:37","Southern","Nyamagabe","ibishyimbo","Field Beans","farm_group","Nyamagabe","walk"
"416",2023-06-26,"15:38:53","Western","Rusizi","amashu","Cabbage","wholesaler","Rusizi","bicycle"
"417",2023-06-26,"15:43:58","Southern","Nyamagabe","amapera","Guava","farm_group","Nyamagabe","walk"
"418",2023-06-26,"15:51:46","Southern","Nyamagabe","ibijumbaby`umweru","Sweet Potatoes White","farm_group","Nyamagabe","walk"
"419",2023-06-26,"15:58:29","Western","Rusizi","ibijumbaby`umweru","Sweet Potatoes White","neighbour_farm","Rusizi","walk"
"420",2023-06-26,"16:00:05","Southern","Nyamagabe","ibigori","Maize","farm_group","Nyamagabe","walk"
"421",2023-06-26,"16:04:29","Southern","Nyamagabe","karoti","Carrot","farm_group","Nyamagabe","walk"
"422",2023-06-26,"16:09:16","Western","Rusizi","ibijumbaby`umuhondo","Sweet Potatoes Orange","bulk_market","Rusizi","walk"
"423",2023-06-26,"16:13:25","Southern","Nyamagabe","ibitunguru","Onion","farm_group","Nyamagabe","bicycle"
"424",2023-06-26,"16:17:35","Western","Rusizi","ibijumbaby`umuhondo","Sweet Potatoes Orange","bulk_market","Rusizi","walk"
"425",2023-06-26,"16:20:37","Southern","Nyamagabe","karoti","Carrot","farm_group","Nyamagabe","bicycle"
"426",2023-06-26,"16:23:36","Southern","Nyamagabe","urusenda","Chilli","farm_group","Nyamagabe","walk"
"427",2023-06-26,"16:28:58","Southern","Nyamagabe","karoti","Carrot","farm_group","Nyamagabe","bicycle,walk"
"428",2023-06-26,"16:33:54","Southern","Nyamagabe","amashu","Cabbage","farm_group","Nyamagabe","bicycle"
"429",2023-06-26,"16:40:47","Southern","Nyamagabe","isombe","Cassava Leaves","farm_group","Nyamagabe","walk"
"430",2023-06-26,"16:51:32","Southern","Nyamagabe","urusenda","Chilli","wholesaler","Nyamagabe","walk"
"431",2023-06-26,"17:01:07","Southern","Nyamagabe","umuceri","Rice","wholesaler","Nyamagabe","walk"
"432",2023-06-26,"17:08:08","Southern","Nyamagabe","inyamaz`inka","Cow Meat","farm_group","Nyamagabe","walk"
"433",2023-06-29,"09:36:55","Southern","Nyanza","amashu","Cabbage","own_farm","Nyanza","walk"
"434",2023-06-29,"09:36:55","Southern","Nyanza","ibitunguru","Onion","wholesaler","Nyanza","walk"
"435",2023-06-29,"09:42:42","Southern","Nyanza","inyanya","Tomato","own_farm","Nyanza","bicycle"
"436",2023-06-29,"09:48:48","Southern","Nyanza","inyanya","Tomato","own_farm","Nyanza","walk"
"437",2023-06-29,"09:48:48","Southern","Nyanza","imiteja","Faba Beans","own_farm","Nyanza","walk"
"438",2023-06-29,"09:56:13","Southern","Nyanza","inyanya","Tomato","own_farm","Nyanza","bicycle"
"439",2023-06-29,"10:06:25","Southern","Nyanza","inanasi","Pineapple","wholesaler","Ruhango","bicycle"
"440",2023-06-29,"10:06:25","Southern","Nyanza","ibitoki(by`imineke","Banana Beer","own_farm","Nyanza","bicycle"
"441",2023-06-29,"10:21:09","Southern","Nyanza","amatunda","Passionfruit","own_farm","Nyanza","bicycle"
"442",2023-06-29,"10:21:09","Southern","Nyanza","ipapayi","Papaya","own_farm","Nyanza","bicycle"
"444",2023-06-29,"10:27:03","Southern","Nyanza","ibinyomoro","Tree Tomato","own_farm","Nyanza","walk"
"446",2023-06-29,"10:27:03","Southern","Nyanza","ibitoki(by`imineke","Banana Beer","own_farm","Nyanza","walk"
"447",2023-06-29,"10:38:47","Southern","Nyanza","ibitoki(by`imineke","Banana Beer","own_farm","Nyanza","walk"
"448",2023-06-29,"10:38:47","Southern","Nyanza","ibinyomoro","Tree Tomato","own_farm","Ruhango","walk"
"449",2023-06-29,"10:38:47","Southern","Nyanza","voka","Avocado","wholesaler","Nyanza","walk"
"450",2023-06-29,"10:46:19","Southern","Nyanza","karoti","Carrot","own_farm","Nyanza","walk"
"451",2023-06-29,"10:49:30","Southern","Nyanza","urusenda","Chilli","own_farm","Nyanza","walk"
"452",2023-06-29,"10:49:30","Southern","Nyanza","isombe","Cassava Leaves","own_farm","Nyanza","walk"
"453",2023-06-29,"10:54:58","Southern","Nyanza","ibitoki(byoguteka)","Banana Cooking","own_farm","Nyanza","walk"
"454",2023-06-29,"10:59:57","Southern","Nyanza","ibitoki(byoguteka)","Banana Cooking","own_farm","Nyanza","walk"
"455",2023-06-29,"11:01:44","Southern","Nyanza","ibitunguru","Onion","own_farm","Nyanza","walk"
"456",2023-06-29,"14:02:30","Southern","Nyanza","ibijumbaby`umweru","Sweet Potatoes White","wholesaler","Nyanza","walk"
"457",2023-06-29,"14:08:10","Southern","Nyanza","ibijumbaby`umweru","Sweet Potatoes White","wholesaler","Ruhango","moto"
"458",2023-06-29,"14:14:50","Southern","Nyanza","ibishyimbo","Field Beans","own_farm","Nyanza","walk"
"459",2023-06-29,"14:31:22","Southern","Nyanza","umuceri","Rice","bulk_market","Muhanga","bicycle"
"460",2023-06-29,"14:34:50","Southern","Nyanza","umuceri","Rice","wholesaler","Nyanza","walk"
"461",2023-06-29,"14:34:50","Southern","Nyanza","ibirayi","Potato","wholesaler","Nyanza","walk"
"462",2023-06-29,"14:39:56","Southern","Nyanza","ibirayi","Potato","wholesaler","Nyanza","walk"
"463",2023-06-29,"14:43:48","Southern","Nyanza","ibigori","Maize","own_farm","Nyanza","walk"
